EFA: North America and Western Europe,40061,200,Andorra,Andorra,40061,200
EFA: North America and Western Europe,40061,400,Austria,Austria,40061,400
EFA: North America and Western Europe,40061,560,Belgium,Belgium,40061,560
EFA: North America and Western Europe,40061,1240,Canada,Canada,40061,1240
EFA: North America and Western Europe,40061,1960,Cyprus,Cyprus,40061,1960
EFA: North America and Western Europe,40061,2080,Denmark,Denmark,40061,2080
EFA: North America and Western Europe,40061,2460,Finland,Finland,40061,2460
EFA: North America and Western Europe,40061,2500,France,France,40061,2500
EFA: North America and Western Europe,40061,2760,Germany,Germany,40061,2760
EFA: North America and Western Europe,40061,3000,Greece,Greece,40061,3000
EFA: North America and Western Europe,40061,3520,Iceland,Iceland,40061,3520
EFA: North America and Western Europe,40061,3720,Ireland,Ireland,40061,3720
EFA: North America and Western Europe,40061,3760,Israel,Israel,40061,3760
EFA: North America and Western Europe,40061,3800,Italy,Italy,40061,3800
EFA: North America and Western Europe,40061,4420,Luxembourg,Luxembourg,40061,4420
EFA: North America and Western Europe,40061,4700,Malta,Malta,40061,4700
EFA: North America and Western Europe,40061,4920,Monaco,Monaco,40061,4920
EFA: North America and Western Europe,40061,5280,Netherlands,Netherlands,40061,5280
EFA: North America and Western Europe,40061,5780,Norway,Norway,40061,5780
EFA: North America and Western Europe,40061,6200,Portugal,Portugal,40061,6200
EFA: North America and Western Europe,40061,6740,San Marino,San Marino,40061,6740
EFA: North America and Western Europe,40061,7240,Spain,Spain,40061,7240
EFA: North America and Western Europe,40061,7520,Sweden,Sweden,40061,7520
EFA: North America and Western Europe,40061,7560,Switzerland,Switzerland,40061,7560
EFA: North America and Western Europe,40061,8260,United Kingdom of Great Britain and Northern Ireland,United Kingdom,40061,8260
EFA: North America and Western Europe,40061,8400,United States of America,United States ,40061,8400
EFA: Central Asia,40063,340,Armenia,Armenia,40063,340
EFA: Central Asia,40063,380,Azerbaijan,Azerbaijan,40063,380
EFA: Central Asia,40063,2720,Georgia,Georgia,40063,2720
EFA: Central Asia,40063,4020,Kazakhstan,Kazakhstan,40063,4020
EFA: Central Asia,40063,4160,Kyrgyzstan,Kyrgyzstan,40063,4160
EFA: Central Asia,40063,4960,Mongolia,Mongolia,40063,4960
EFA: Central Asia,40063,7610,Tajikistan,Tajikistan,40063,7610
EFA: Central Asia,40063,7940,Turkmenistan,Turkmenistan,40063,7940
EFA: Central Asia,40063,8600,Uzbekistan,Uzbekistan,40063,8600
EFA: World,40070,40,Afghanistan,Afghanistan,40070,40
EFA: World,40070,80,Albania,Albania,40070,80
EFA: World,40070,120,Algeria,Algeria,40070,120
EFA: World,40070,200,Andorra,Andorra,40070,200
EFA: World,40070,240,Angola,Angola,40070,240
EFA: World,40070,260,Anguilla,Anguilla,40070,260
EFA: World,40070,280,Antigua and Barbuda,Antigua/Barbuda,40070,280
EFA: World,40070,320,Argentina,Argentina,40070,320
EFA: World,40070,340,Armenia,Armenia,40070,340
EFA: World,40070,350,Aruba,Aruba,40070,350
EFA: World,40070,360,Australia,Australia,40070,360
EFA: World,40070,380,Azerbaijan,Azerbaijan,40070,380
EFA: World,40070,400,Austria,Austria,40070,400
EFA: World,40070,440,Bahamas,Bahamas,40070,440
EFA: World,40070,480,Bahrain,Bahrain,40070,480
EFA: World,40070,500,Bangladesh,Bangladesh,40070,500
EFA: World,40070,520,Barbados,Barbados,40070,520
EFA: World,40070,560,Belgium,Belgium,40070,560
EFA: World,40070,570,Bosnia and Herzegovina,Bosnia/Herzeg.,40070,570
EFA: World,40070,580,Belize,Belize,40070,580
EFA: World,40070,600,Bermuda,Bermuda,40070,600
EFA: World,40070,640,Bhutan,Bhutan,40070,640
EFA: World,40070,680,Bolivia (Plurinational State of),Bolivia,40070,680
EFA: World,40070,720,Botswana,Botswana,40070,720
EFA: World,40070,760,Brazil,Brazil,40070,760
EFA: World,40070,900,Solomon Islands,Solomon Islands,40070,900
EFA: World,40070,955,Palau,Palau,40070,955
EFA: World,40070,960,Brunei Darussalam,Brunei,40070,960
EFA: World,40070,1000,Bulgaria,Bulgaria,40070,1000
EFA: World,40070,1020,Croatia,Croatia,40070,1020
EFA: World,40070,1040,Myanmar,Myanmar,40070,1040
EFA: World,40070,1080,Burundi,Burundi,40070,1080
EFA: World,40070,1200,Cameroon,Cameroon,40070,1200
EFA: World,40070,1240,Canada,Canada,40070,1240
EFA: World,40070,1320,Cape Verde,Cape Verde,40070,1320
EFA: World,40070,1360,Cayman Islands,Cayman Islands,40070,1360
EFA: World,40070,1400,Central African Republic,C. African Rep.,40070,1400
EFA: World,40070,1480,Chad,Chad,40070,1480
EFA: World,40070,1520,Chile,Chile,40070,1520
EFA: World,40070,1560,China,China,40070,1560
EFA: World,40070,1700,Colombia,Colombia,40070,1700
EFA: World,40070,1740,Comoros,Comoros,40070,1740
EFA: World,40070,1780,Congo,Congo,40070,1780
EFA: World,40070,1840,Cook Islands,Cook Islands,40070,1840
EFA: World,40070,1880,Costa Rica,Costa Rica,40070,1880
EFA: World,40070,1920,Cuba,Cuba,40070,1920
EFA: World,40070,1960,Cyprus,Cyprus,40070,1960
EFA: World,40070,2020,Czech Republic,Czech Rep.,40070,2020
EFA: World,40070,2040,Benin,Benin,40070,2040
EFA: World,40070,2080,Denmark,Denmark,40070,2080
EFA: World,40070,2120,Dominica,Dominica,40070,2120
EFA: World,40070,2140,Dominican Republic,Dominican Rep.,40070,2140
EFA: World,40070,2180,Ecuador,Ecuador,40070,2180
EFA: World,40070,2200,Egypt,Egypt,40070,2200
EFA: World,40070,2220,El Salvador,El Salvador,40070,2220
EFA: World,40070,2260,Equatorial Guinea,Equatorial Guinea,40070,2260
EFA: World,40070,2270,Eritrea,Eritrea,40070,2270
EFA: World,40070,2280,Estonia,Estonia,40070,2280
EFA: World,40070,2300,Ethiopia,Ethiopia,40070,2300
EFA: World,40070,2420,Fiji,Fiji,40070,2420
EFA: World,40070,2460,Finland,Finland,40070,2460
EFA: World,40070,2500,France,France,40070,2500
EFA: World,40070,2620,Djibouti,Djibouti,40070,2620
EFA: World,40070,2660,Gabon,Gabon,40070,2660
EFA: World,40070,2700,Gambia,Gambia,40070,2700
EFA: World,40070,2720,Georgia,Georgia,40070,2720
EFA: World,40070,2760,Germany,Germany,40070,2760
EFA: World,40070,2880,Ghana,Ghana,40070,2880
EFA: World,40070,2960,Kiribati,Kiribati,40070,2960
EFA: World,40070,3000,Greece,Greece,40070,3000
EFA: World,40070,3080,Grenada,Grenada,40070,3080
EFA: World,40070,3200,Guatemala,Guatemala,40070,3200
EFA: World,40070,3240,Guinea,Guinea,40070,3240
EFA: World,40070,3280,Guyana,Guyana,40070,3280
EFA: World,40070,3320,Haiti,Haiti,40070,3320
EFA: World,40070,3400,Honduras,Honduras,40070,3400
EFA: World,40070,3480,Hungary,Hungary,40070,3480
EFA: World,40070,3520,Iceland,Iceland,40070,3520
EFA: World,40070,3560,India,India,40070,3560
EFA: World,40070,3600,Indonesia,Indonesia,40070,3600
EFA: World,40070,3640,Iran (Islamic Republic of),Iran,40070,3640
EFA: World,40070,3680,Iraq,Iraq,40070,3680
EFA: World,40070,3720,Ireland,Ireland,40070,3720
EFA: World,40070,3760,Israel,Israel,40070,3760
EFA: World,40070,3800,Italy,Italy,40070,3800
EFA: World,40070,3840,Côte d'Ivoire,Côte d'Ivoire,40070,3840
EFA: World,40070,3880,Jamaica,Jamaica,40070,3880
EFA: World,40070,3920,Japan,Japan,40070,3920
EFA: World,40070,4000,Jordan,Jordan,40070,4000
EFA: World,40070,4020,Kazakhstan,Kazakhstan,40070,4020
EFA: World,40070,4040,Kenya,Kenya,40070,4040
EFA: World,40070,4060,Cambodia,Cambodia,40070,4060
EFA: World,40070,4070,Republic of Korea,Rep. of Korea,40070,4070
EFA: World,40070,4090,Democratic People's Republic of Korea,DPR Korea,40070,4090
EFA: World,40070,4140,Kuwait,Kuwait,40070,4140
EFA: World,40070,4160,Kyrgyzstan,Kyrgyzstan,40070,4160
EFA: World,40070,4180,Lao People's Democratic Republic,Laos,40070,4180
EFA: World,40070,4200,Latvia,Latvia,40070,4200
EFA: World,40070,4220,Lebanon,Lebanon,40070,4220
EFA: World,40070,4260,Lesotho,Lesotho,40070,4260
EFA: World,40070,4300,Liberia,Liberia,40070,4300
EFA: World,40070,4340,Libya,Libya,40070,4340
EFA: World,40070,4400,Lithuania,Lithuania,40070,4400
EFA: World,40070,4420,Luxembourg,Luxembourg,40070,4420
EFA: World,40070,4460,China, Macao Special Administrative Region,China, Macao,40070,4460
EFA: World,40070,4480,The former Yugoslav Republic of Macedonia,TFYR Macedonia,40070,4480
EFA: World,40070,4500,Madagascar,Madagascar,40070,4500
EFA: World,40070,4540,Malawi,Malawi,40070,4540
EFA: World,40070,4580,Malaysia,Malaysia,40070,4580
EFA: World,40070,4620,Maldives,Maldives,40070,4620
EFA: World,40070,4660,Mali,Mali,40070,4660
EFA: World,40070,4700,Malta,Malta,40070,4700
EFA: World,40070,4780,Mauritania,Mauritania,40070,4780
EFA: World,40070,4800,Mauritius,Mauritius,40070,4800
EFA: World,40070,4840,Mexico,Mexico,40070,4840
EFA: World,40070,4845,Micronesia (Federated States of),Micronesia,40070,4845
EFA: World,40070,4920,Monaco,Monaco,40070,4920
EFA: World,40070,4960,Mongolia,Mongolia,40070,4960
EFA: World,40070,4990,Montenegro,Montenegro,40070,4990
EFA: World,40070,5000,Montserrat,Montserrat,40070,5000
EFA: World,40070,5040,Morocco,Morocco,40070,5040
EFA: World,40070,5080,Mozambique,Mozambique,40070,5080
EFA: World,40070,5160,Namibia,Namibia,40070,5160
EFA: World,40070,5200,Nauru,Nauru,40070,5200
EFA: World,40070,5240,Nepal,Nepal,40070,5240
EFA: World,40070,5280,Netherlands,Netherlands,40070,5280
EFA: World,40070,5320,Netherlands Antilles,Nl Antilles,40070,5320
EFA: World,40070,5480,Vanuatu,Vanuatu,40070,5480
EFA: World,40070,5540,New Zealand,New Zealand,40070,5540
EFA: World,40070,5580,Nicaragua,Nicaragua,40070,5580
EFA: World,40070,5620,Niger,Niger,40070,5620
EFA: World,40070,5660,Nigeria,Nigeria,40070,5660
EFA: World,40070,5700,Niue,Niue,40070,5700
EFA: World,40070,5780,Norway,Norway,40070,5780
EFA: World,40070,5800,Oman,Oman,40070,5800
EFA: World,40070,5840,Marshall Islands,Marshall Is,40070,5840
EFA: World,40070,5860,Pakistan,Pakistan,40070,5860
EFA: World,40070,5880,Palestine,Palestine,40070,5880
EFA: World,40070,5900,Panama,Panama,40070,5900
EFA: World,40070,5980,Papua New Guinea,Papua New Guinea,40070,5980
EFA: World,40070,6000,Paraguay,Paraguay,40070,6000
EFA: World,40070,6040,Peru,Peru,40070,6040
EFA: World,40070,6080,Philippines,Philippines,40070,6080
EFA: World,40070,6160,Poland,Poland,40070,6160
EFA: World,40070,6200,Portugal,Portugal,40070,6200
EFA: World,40070,6220,Republic of Moldova,Rep. of Moldova,40070,6220
EFA: World,40070,6240,Guinea-Bissau,Guinea-Bissau,40070,6240
EFA: World,40070,6260,Timor-Leste,Timor-Leste,40070,6260
EFA: World,40070,6340,Qatar,Qatar,40070,6340
EFA: World,40070,6420,Romania,Romania,40070,6420
EFA: World,40070,6430,Russian Federation,Russian Federation,40070,6430
EFA: World,40070,6460,Rwanda,Rwanda,40070,6460
EFA: World,40070,6560,Saint Kitts and Nevis,St Kitts/Nevis,40070,6560
EFA: World,40070,6620,Saint Lucia,Saint Lucia,40070,6620
EFA: World,40070,6700,Saint Vincent and the Grenadines,St Vincent/Grenad.,40070,6700
EFA: World,40070,6720,Slovakia,Slovakia,40070,6720
EFA: World,40070,6740,San Marino,San Marino,40070,6740
EFA: World,40070,6760,Slovenia,Slovenia,40070,6760
EFA: World,40070,6780,Sao Tome and Principe,Sao Tome/Principe,40070,6780
EFA: World,40070,6820,Saudi Arabia,Saudi Arabia,40070,6820
EFA: World,40070,6860,Senegal,Senegal,40070,6860
EFA: World,40070,6880,Serbia,Serbia,40070,6880
EFA: World,40070,6900,Seychelles,Seychelles,40070,6900
EFA: World,40070,6940,Sierra Leone,Sierra Leone,40070,6940
EFA: World,40070,7020,Singapore,Singapore,40070,7020
EFA: World,40070,7060,Somalia,Somalia,40070,7060
EFA: World,40070,7100,South Africa,South Africa,40070,7100
EFA: World,40070,7160,Zimbabwe,Zimbabwe,40070,7160
EFA: World,40070,7240,Spain,Spain,40070,7240
EFA: World,40070,7280,South Sudan,South Sudan,40070,7280
EFA: World,40070,7290,Sudan,Sudan,40070,7290
EFA: World,40070,7340,Sri Lanka,Sri Lanka,40070,7340
EFA: World,40070,7400,Suriname,Suriname,40070,7400
EFA: World,40070,7480,Swaziland,Swaziland,40070,7480
EFA: World,40070,7520,Sweden,Sweden,40070,7520
EFA: World,40070,7560,Switzerland,Switzerland,40070,7560
EFA: World,40070,7600,Syrian Arab Republic,Syrian Arab Rep.,40070,7600
EFA: World,40070,7610,Tajikistan,Tajikistan,40070,7610
EFA: World,40070,7620,United Republic of Tanzania,UR Tanzania,40070,7620
EFA: World,40070,7640,Thailand,Thailand,40070,7640
EFA: World,40070,7680,Togo,Togo,40070,7680
EFA: World,40070,7720,Tokelau,Tokelau,40070,7720
EFA: World,40070,7760,Tonga,Tonga,40070,7760
EFA: World,40070,7780,Tuvalu,Tuvalu,40070,7780
EFA: World,40070,7800,Trinidad and Tobago,Trinidad/Tobago,40070,7800
EFA: World,40070,7880,Tunisia,Tunisia,40070,7880
EFA: World,40070,7920,Turkey,Turkey,40070,7920
EFA: World,40070,7940,Turkmenistan,Turkmenistan,40070,7940
EFA: World,40070,7960,Turks and Caicos Islands,Turks/Caicos Is,40070,7960
EFA: World,40070,8000,Uganda,Uganda,40070,8000
EFA: World,40070,8050,Belarus,Belarus,40070,8050
EFA: World,40070,8070,Ukraine,Ukraine,40070,8070
EFA: World,40070,8120,United Arab Emirates,UA Emirates,40070,8120
EFA: World,40070,8260,United Kingdom of Great Britain and Northern Ireland,United Kingdom,40070,8260
EFA: World,40070,8400,United States of America,United States ,40070,8400
EFA: World,40070,8540,Burkina Faso,Burkina Faso,40070,8540
EFA: World,40070,8580,Uruguay,Uruguay,40070,8580
EFA: World,40070,8600,Uzbekistan,Uzbekistan,40070,8600
EFA: World,40070,8620,Venezuela (Bolivarian Republic of),Venezuela,40070,8620
EFA: World,40070,8680,Viet Nam,Viet Nam,40070,8680
EFA: World,40070,8690,British Virgin Islands,British Virgin Is,40070,8690
EFA: World,40070,8820,Samoa,Samoa,40070,8820
EFA: World,40070,8850,Yemen,Yemen,40070,8850
EFA: World,40070,8920,Democratic Republic of the Congo,DR Congo,40070,8920
EFA: World,40070,8940,Zambia,Zambia,40070,8940
EFA: EAP - Pacific,40300,360,Australia,Australia,40300,360
EFA: EAP - Pacific,40300,900,Solomon Islands,Solomon Islands,40300,900
EFA: EAP - Pacific,40300,955,Palau,Palau,40300,955
EFA: EAP - Pacific,40300,1840,Cook Islands,Cook Islands,40300,1840
EFA: EAP - Pacific,40300,2420,Fiji,Fiji,40300,2420
EFA: EAP - Pacific,40300,2960,Kiribati,Kiribati,40300,2960
EFA: EAP - Pacific,40300,4845,Micronesia (Federated States of),Micronesia,40300,4845
EFA: EAP - Pacific,40300,5200,Nauru,Nauru,40300,5200
EFA: EAP - Pacific,40300,5480,Vanuatu,Vanuatu,40300,5480
EFA: EAP - Pacific,40300,5540,New Zealand,New Zealand,40300,5540
EFA: EAP - Pacific,40300,5700,Niue,Niue,40300,5700
EFA: EAP - Pacific,40300,5840,Marshall Islands,Marshall Is,40300,5840
EFA: EAP - Pacific,40300,5980,Papua New Guinea,Papua New Guinea,40300,5980
EFA: EAP - Pacific,40300,7720,Tokelau,Tokelau,40300,7720
EFA: EAP - Pacific,40300,7760,Tonga,Tonga,40300,7760
EFA: EAP - Pacific,40300,7780,Tuvalu,Tuvalu,40300,7780
EFA: EAP - Pacific,40300,8820,Samoa,Samoa,40300,8820
EFA: EAP - East Asia,40301,960,Brunei Darussalam,Brunei,40301,960
EFA: EAP - East Asia,40301,1040,Myanmar,Myanmar,40301,1040
EFA: EAP - East Asia,40301,1560,China,China,40301,1560
EFA: EAP - East Asia,40301,3600,Indonesia,Indonesia,40301,3600
EFA: EAP - East Asia,40301,3920,Japan,Japan,40301,3920
EFA: EAP - East Asia,40301,4060,Cambodia,Cambodia,40301,4060
EFA: EAP - East Asia,40301,4070,Republic of Korea,Rep. of Korea,40301,4070
EFA: EAP - East Asia,40301,4090,Democratic People's Republic of Korea,DPR Korea,40301,4090
EFA: EAP - East Asia,40301,4180,Lao People's Democratic Republic,Laos,40301,4180
EFA: EAP - East Asia,40301,4460,China, Macao Special Administrative Region,China, Macao,40301,4460
EFA: EAP - East Asia,40301,4580,Malaysia,Malaysia,40301,4580
EFA: EAP - East Asia,40301,6080,Philippines,Philippines,40301,6080
EFA: EAP - East Asia,40301,6260,Timor-Leste,Timor-Leste,40301,6260
EFA: EAP - East Asia,40301,7020,Singapore,Singapore,40301,7020
EFA: EAP - East Asia,40301,7640,Thailand,Thailand,40301,7640
EFA: EAP - East Asia,40301,8680,Viet Nam,Viet Nam,40301,8680
EFA: EAP -  East Asia and the Pacific,40313,360,Australia,Australia,40313,360
EFA: EAP -  East Asia and the Pacific,40313,900,Solomon Islands,Solomon Islands,40313,900
EFA: EAP -  East Asia and the Pacific,40313,955,Palau,Palau,40313,955
EFA: EAP -  East Asia and the Pacific,40313,960,Brunei Darussalam,Brunei,40313,960
EFA: EAP -  East Asia and the Pacific,40313,1040,Myanmar,Myanmar,40313,1040
EFA: EAP -  East Asia and the Pacific,40313,1560,China,China,40313,1560
EFA: EAP -  East Asia and the Pacific,40313,1840,Cook Islands,Cook Islands,40313,1840
EFA: EAP -  East Asia and the Pacific,40313,2420,Fiji,Fiji,40313,2420
EFA: EAP -  East Asia and the Pacific,40313,2960,Kiribati,Kiribati,40313,2960
EFA: EAP -  East Asia and the Pacific,40313,3600,Indonesia,Indonesia,40313,3600
EFA: EAP -  East Asia and the Pacific,40313,3920,Japan,Japan,40313,3920
EFA: EAP -  East Asia and the Pacific,40313,4060,Cambodia,Cambodia,40313,4060
EFA: EAP -  East Asia and the Pacific,40313,4070,Republic of Korea,Rep. of Korea,40313,4070
EFA: EAP -  East Asia and the Pacific,40313,4090,Democratic People's Republic of Korea,DPR Korea,40313,4090
EFA: EAP -  East Asia and the Pacific,40313,4180,Lao People's Democratic Republic,Laos,40313,4180
EFA: EAP -  East Asia and the Pacific,40313,4460,China, Macao Special Administrative Region,China, Macao,40313,4460
EFA: EAP -  East Asia and the Pacific,40313,4580,Malaysia,Malaysia,40313,4580
EFA: EAP -  East Asia and the Pacific,40313,4845,Micronesia (Federated States of),Micronesia,40313,4845
EFA: EAP -  East Asia and the Pacific,40313,5200,Nauru,Nauru,40313,5200
EFA: EAP -  East Asia and the Pacific,40313,5480,Vanuatu,Vanuatu,40313,5480
EFA: EAP -  East Asia and the Pacific,40313,5540,New Zealand,New Zealand,40313,5540
EFA: EAP -  East Asia and the Pacific,40313,5700,Niue,Niue,40313,5700
EFA: EAP -  East Asia and the Pacific,40313,5840,Marshall Islands,Marshall Is,40313,5840
EFA: EAP -  East Asia and the Pacific,40313,5980,Papua New Guinea,Papua New Guinea,40313,5980
EFA: EAP -  East Asia and the Pacific,40313,6080,Philippines,Philippines,40313,6080
EFA: EAP -  East Asia and the Pacific,40313,6260,Timor-Leste,Timor-Leste,40313,6260
EFA: EAP -  East Asia and the Pacific,40313,7020,Singapore,Singapore,40313,7020
EFA: EAP -  East Asia and the Pacific,40313,7640,Thailand,Thailand,40313,7640
EFA: EAP -  East Asia and the Pacific,40313,7720,Tokelau,Tokelau,40313,7720
EFA: EAP -  East Asia and the Pacific,40313,7760,Tonga,Tonga,40313,7760
EFA: EAP -  East Asia and the Pacific,40313,7780,Tuvalu,Tuvalu,40313,7780
EFA: EAP -  East Asia and the Pacific,40313,8680,Viet Nam,Viet Nam,40313,8680
EFA: EAP -  East Asia and the Pacific,40313,8820,Samoa,Samoa,40313,8820
EFA: LAC -  Latin America and the Caribbean,40314,260,Anguilla,Anguilla,40314,260
EFA: LAC -  Latin America and the Caribbean,40314,280,Antigua and Barbuda,Antigua/Barbuda,40314,280
EFA: LAC -  Latin America and the Caribbean,40314,320,Argentina,Argentina,40314,320
EFA: LAC -  Latin America and the Caribbean,40314,350,Aruba,Aruba,40314,350
EFA: LAC -  Latin America and the Caribbean,40314,440,Bahamas,Bahamas,40314,440
EFA: LAC -  Latin America and the Caribbean,40314,520,Barbados,Barbados,40314,520
EFA: LAC -  Latin America and the Caribbean,40314,580,Belize,Belize,40314,580
EFA: LAC -  Latin America and the Caribbean,40314,600,Bermuda,Bermuda,40314,600
EFA: LAC -  Latin America and the Caribbean,40314,680,Bolivia (Plurinational State of),Bolivia,40314,680
EFA: LAC -  Latin America and the Caribbean,40314,760,Brazil,Brazil,40314,760
EFA: LAC -  Latin America and the Caribbean,40314,1360,Cayman Islands,Cayman Islands,40314,1360
EFA: LAC -  Latin America and the Caribbean,40314,1520,Chile,Chile,40314,1520
EFA: LAC -  Latin America and the Caribbean,40314,1700,Colombia,Colombia,40314,1700
EFA: LAC -  Latin America and the Caribbean,40314,1880,Costa Rica,Costa Rica,40314,1880
EFA: LAC -  Latin America and the Caribbean,40314,1920,Cuba,Cuba,40314,1920
EFA: LAC -  Latin America and the Caribbean,40314,2120,Dominica,Dominica,40314,2120
EFA: LAC -  Latin America and the Caribbean,40314,2140,Dominican Republic,Dominican Rep.,40314,2140
EFA: LAC -  Latin America and the Caribbean,40314,2180,Ecuador,Ecuador,40314,2180
EFA: LAC -  Latin America and the Caribbean,40314,2220,El Salvador,El Salvador,40314,2220
EFA: LAC -  Latin America and the Caribbean,40314,3080,Grenada,Grenada,40314,3080
EFA: LAC -  Latin America and the Caribbean,40314,3200,Guatemala,Guatemala,40314,3200
EFA: LAC -  Latin America and the Caribbean,40314,3280,Guyana,Guyana,40314,3280
EFA: LAC -  Latin America and the Caribbean,40314,3320,Haiti,Haiti,40314,3320
EFA: LAC -  Latin America and the Caribbean,40314,3400,Honduras,Honduras,40314,3400
EFA: LAC -  Latin America and the Caribbean,40314,3880,Jamaica,Jamaica,40314,3880
EFA: LAC -  Latin America and the Caribbean,40314,4840,Mexico,Mexico,40314,4840
EFA: LAC -  Latin America and the Caribbean,40314,5000,Montserrat,Montserrat,40314,5000
EFA: LAC -  Latin America and the Caribbean,40314,5320,Netherlands Antilles,Nl Antilles,40314,5320
EFA: LAC -  Latin America and the Caribbean,40314,5580,Nicaragua,Nicaragua,40314,5580
EFA: LAC -  Latin America and the Caribbean,40314,5900,Panama,Panama,40314,5900
EFA: LAC -  Latin America and the Caribbean,40314,6000,Paraguay,Paraguay,40314,6000
EFA: LAC -  Latin America and the Caribbean,40314,6040,Peru,Peru,40314,6040
EFA: LAC -  Latin America and the Caribbean,40314,6560,Saint Kitts and Nevis,St Kitts/Nevis,40314,6560
EFA: LAC -  Latin America and the Caribbean,40314,6620,Saint Lucia,Saint Lucia,40314,6620
EFA: LAC -  Latin America and the Caribbean,40314,6700,Saint Vincent and the Grenadines,St Vincent/Grenad.,40314,6700
EFA: LAC -  Latin America and the Caribbean,40314,7400,Suriname,Suriname,40314,7400
EFA: LAC -  Latin America and the Caribbean,40314,7800,Trinidad and Tobago,Trinidad/Tobago,40314,7800
EFA: LAC -  Latin America and the Caribbean,40314,7960,Turks and Caicos Islands,Turks/Caicos Is,40314,7960
EFA: LAC -  Latin America and the Caribbean,40314,8580,Uruguay,Uruguay,40314,8580
EFA: LAC -  Latin America and the Caribbean,40314,8620,Venezuela (Bolivarian Republic of),Venezuela,40314,8620
EFA: LAC -  Latin America and the Caribbean,40314,8690,British Virgin Islands,British Virgin Is,40314,8690
EFA: LAC - Latin America,40318,320,Argentina,Argentina,40318,320
EFA: LAC - Latin America,40318,680,Bolivia (Plurinational State of),Bolivia,40318,680
EFA: LAC - Latin America,40318,760,Brazil,Brazil,40318,760
EFA: LAC - Latin America,40318,1520,Chile,Chile,40318,1520
EFA: LAC - Latin America,40318,1700,Colombia,Colombia,40318,1700
EFA: LAC - Latin America,40318,1880,Costa Rica,Costa Rica,40318,1880
EFA: LAC - Latin America,40318,1920,Cuba,Cuba,40318,1920
EFA: LAC - Latin America,40318,2140,Dominican Republic,Dominican Rep.,40318,2140
EFA: LAC - Latin America,40318,2180,Ecuador,Ecuador,40318,2180
EFA: LAC - Latin America,40318,2220,El Salvador,El Salvador,40318,2220
EFA: LAC - Latin America,40318,3200,Guatemala,Guatemala,40318,3200
EFA: LAC - Latin America,40318,3400,Honduras,Honduras,40318,3400
EFA: LAC - Latin America,40318,4840,Mexico,Mexico,40318,4840
EFA: LAC - Latin America,40318,5580,Nicaragua,Nicaragua,40318,5580
EFA: LAC - Latin America,40318,5900,Panama,Panama,40318,5900
EFA: LAC - Latin America,40318,6000,Paraguay,Paraguay,40318,6000
EFA: LAC - Latin America,40318,6040,Peru,Peru,40318,6040
EFA: LAC - Latin America,40318,8580,Uruguay,Uruguay,40318,8580
EFA: LAC - Latin America,40318,8620,Venezuela (Bolivarian Republic of),Venezuela,40318,8620
EFA: LAC - Caribbean,40319,260,Anguilla,Anguilla,40319,260
EFA: LAC - Caribbean,40319,280,Antigua and Barbuda,Antigua/Barbuda,40319,280
EFA: LAC - Caribbean,40319,350,Aruba,Aruba,40319,350
EFA: LAC - Caribbean,40319,440,Bahamas,Bahamas,40319,440
EFA: LAC - Caribbean,40319,520,Barbados,Barbados,40319,520
EFA: LAC - Caribbean,40319,580,Belize,Belize,40319,580
EFA: LAC - Caribbean,40319,600,Bermuda,Bermuda,40319,600
EFA: LAC - Caribbean,40319,1360,Cayman Islands,Cayman Islands,40319,1360
EFA: LAC - Caribbean,40319,2120,Dominica,Dominica,40319,2120
EFA: LAC - Caribbean,40319,3080,Grenada,Grenada,40319,3080
EFA: LAC - Caribbean,40319,3280,Guyana,Guyana,40319,3280
EFA: LAC - Caribbean,40319,3320,Haiti,Haiti,40319,3320
EFA: LAC - Caribbean,40319,3880,Jamaica,Jamaica,40319,3880
EFA: LAC - Caribbean,40319,5000,Montserrat,Montserrat,40319,5000
EFA: LAC - Caribbean,40319,5320,Netherlands Antilles,Nl Antilles,40319,5320
EFA: LAC - Caribbean,40319,6560,Saint Kitts and Nevis,St Kitts/Nevis,40319,6560
EFA: LAC - Caribbean,40319,6620,Saint Lucia,Saint Lucia,40319,6620
EFA: LAC - Caribbean,40319,6700,Saint Vincent and the Grenadines,St Vincent/Grenad.,40319,6700
EFA: LAC - Caribbean,40319,7400,Suriname,Suriname,40319,7400
EFA: LAC - Caribbean,40319,7800,Trinidad and Tobago,Trinidad/Tobago,40319,7800
EFA: LAC - Caribbean,40319,7960,Turks and Caicos Islands,Turks/Caicos Is,40319,7960
EFA: LAC - Caribbean,40319,8690,British Virgin Islands,British Virgin Is,40319,8690
EFA: Arab States,40322,120,Algeria,Algeria,40322,120
EFA: Arab States,40322,480,Bahrain,Bahrain,40322,480
EFA: Arab States,40322,2200,Egypt,Egypt,40322,2200
EFA: Arab States,40322,2620,Djibouti,Djibouti,40322,2620
EFA: Arab States,40322,3680,Iraq,Iraq,40322,3680
EFA: Arab States,40322,4000,Jordan,Jordan,40322,4000
EFA: Arab States,40322,4140,Kuwait,Kuwait,40322,4140
EFA: Arab States,40322,4220,Lebanon,Lebanon,40322,4220
EFA: Arab States,40322,4340,Libya,Libya,40322,4340
EFA: Arab States,40322,4780,Mauritania,Mauritania,40322,4780
EFA: Arab States,40322,5040,Morocco,Morocco,40322,5040
EFA: Arab States,40322,5800,Oman,Oman,40322,5800
EFA: Arab States,40322,5880,Palestine,Palestine,40322,5880
EFA: Arab States,40322,6340,Qatar,Qatar,40322,6340
EFA: Arab States,40322,6820,Saudi Arabia,Saudi Arabia,40322,6820
EFA: Arab States,40322,7290,Sudan,Sudan,40322,7290
EFA: Arab States,40322,7600,Syrian Arab Republic,Syrian Arab Rep.,40322,7600
EFA: Arab States,40322,7880,Tunisia,Tunisia,40322,7880
EFA: Arab States,40322,8120,United Arab Emirates,UA Emirates,40322,8120
EFA: Arab States,40322,8850,Yemen,Yemen,40322,8850
EFA: Central and Eastern Europe,40326,80,Albania,Albania,40326,80
EFA: Central and Eastern Europe,40326,570,Bosnia and Herzegovina,Bosnia/Herzeg.,40326,570
EFA: Central and Eastern Europe,40326,1000,Bulgaria,Bulgaria,40326,1000
EFA: Central and Eastern Europe,40326,1020,Croatia,Croatia,40326,1020
EFA: Central and Eastern Europe,40326,2020,Czech Republic,Czech Rep.,40326,2020
EFA: Central and Eastern Europe,40326,2280,Estonia,Estonia,40326,2280
EFA: Central and Eastern Europe,40326,3480,Hungary,Hungary,40326,3480
EFA: Central and Eastern Europe,40326,4200,Latvia,Latvia,40326,4200
EFA: Central and Eastern Europe,40326,4400,Lithuania,Lithuania,40326,4400
EFA: Central and Eastern Europe,40326,4480,The former Yugoslav Republic of Macedonia,TFYR Macedonia,40326,4480
EFA: Central and Eastern Europe,40326,4990,Montenegro,Montenegro,40326,4990
EFA: Central and Eastern Europe,40326,6160,Poland,Poland,40326,6160
EFA: Central and Eastern Europe,40326,6220,Republic of Moldova,Rep. of Moldova,40326,6220
EFA: Central and Eastern Europe,40326,6420,Romania,Romania,40326,6420
EFA: Central and Eastern Europe,40326,6430,Russian Federation,Russian Federation,40326,6430
EFA: Central and Eastern Europe,40326,6720,Slovakia,Slovakia,40326,6720
EFA: Central and Eastern Europe,40326,6760,Slovenia,Slovenia,40326,6760
EFA: Central and Eastern Europe,40326,6880,Serbia,Serbia,40326,6880
EFA: Central and Eastern Europe,40326,7920,Turkey,Turkey,40326,7920
EFA: Central and Eastern Europe,40326,8050,Belarus,Belarus,40326,8050
EFA: Central and Eastern Europe,40326,8070,Ukraine,Ukraine,40326,8070
EFA: South and West Asia,40345,40,Afghanistan,Afghanistan,40345,40
EFA: South and West Asia,40345,500,Bangladesh,Bangladesh,40345,500
EFA: South and West Asia,40345,640,Bhutan,Bhutan,40345,640
EFA: South and West Asia,40345,3560,India,India,40345,3560
EFA: South and West Asia,40345,3640,Iran (Islamic Republic of),Iran,40345,3640
EFA: South and West Asia,40345,4620,Maldives,Maldives,40345,4620
EFA: South and West Asia,40345,5240,Nepal,Nepal,40345,5240
EFA: South and West Asia,40345,5860,Pakistan,Pakistan,40345,5860
EFA: South and West Asia,40345,7340,Sri Lanka,Sri Lanka,40345,7340
EFA: Sub-Saharan Africa,40350,240,Angola,Angola,40350,240
EFA: Sub-Saharan Africa,40350,720,Botswana,Botswana,40350,720
EFA: Sub-Saharan Africa,40350,1080,Burundi,Burundi,40350,1080
EFA: Sub-Saharan Africa,40350,1200,Cameroon,Cameroon,40350,1200
EFA: Sub-Saharan Africa,40350,1320,Cape Verde,Cape Verde,40350,1320
EFA: Sub-Saharan Africa,40350,1400,Central African Republic,C. African Rep.,40350,1400
EFA: Sub-Saharan Africa,40350,1480,Chad,Chad,40350,1480
EFA: Sub-Saharan Africa,40350,1740,Comoros,Comoros,40350,1740
EFA: Sub-Saharan Africa,40350,1780,Congo,Congo,40350,1780
EFA: Sub-Saharan Africa,40350,2040,Benin,Benin,40350,2040
EFA: Sub-Saharan Africa,40350,2260,Equatorial Guinea,Equatorial Guinea,40350,2260
EFA: Sub-Saharan Africa,40350,2270,Eritrea,Eritrea,40350,2270
EFA: Sub-Saharan Africa,40350,2300,Ethiopia,Ethiopia,40350,2300
EFA: Sub-Saharan Africa,40350,2660,Gabon,Gabon,40350,2660
EFA: Sub-Saharan Africa,40350,2700,Gambia,Gambia,40350,2700
EFA: Sub-Saharan Africa,40350,2880,Ghana,Ghana,40350,2880
EFA: Sub-Saharan Africa,40350,3240,Guinea,Guinea,40350,3240
EFA: Sub-Saharan Africa,40350,3840,Côte d'Ivoire,Côte d'Ivoire,40350,3840
EFA: Sub-Saharan Africa,40350,4040,Kenya,Kenya,40350,4040
EFA: Sub-Saharan Africa,40350,4260,Lesotho,Lesotho,40350,4260
EFA: Sub-Saharan Africa,40350,4300,Liberia,Liberia,40350,4300
EFA: Sub-Saharan Africa,40350,4500,Madagascar,Madagascar,40350,4500
EFA: Sub-Saharan Africa,40350,4540,Malawi,Malawi,40350,4540
EFA: Sub-Saharan Africa,40350,4660,Mali,Mali,40350,4660
EFA: Sub-Saharan Africa,40350,4800,Mauritius,Mauritius,40350,4800
EFA: Sub-Saharan Africa,40350,5080,Mozambique,Mozambique,40350,5080
EFA: Sub-Saharan Africa,40350,5160,Namibia,Namibia,40350,5160
EFA: Sub-Saharan Africa,40350,5620,Niger,Niger,40350,5620
EFA: Sub-Saharan Africa,40350,5660,Nigeria,Nigeria,40350,5660
EFA: Sub-Saharan Africa,40350,6240,Guinea-Bissau,Guinea-Bissau,40350,6240
EFA: Sub-Saharan Africa,40350,6460,Rwanda,Rwanda,40350,6460
EFA: Sub-Saharan Africa,40350,6780,Sao Tome and Principe,Sao Tome/Principe,40350,6780
EFA: Sub-Saharan Africa,40350,6860,Senegal,Senegal,40350,6860
EFA: Sub-Saharan Africa,40350,6900,Seychelles,Seychelles,40350,6900
EFA: Sub-Saharan Africa,40350,6940,Sierra Leone,Sierra Leone,40350,6940
EFA: Sub-Saharan Africa,40350,7060,Somalia,Somalia,40350,7060
EFA: Sub-Saharan Africa,40350,7100,South Africa,South Africa,40350,7100
EFA: Sub-Saharan Africa,40350,7160,Zimbabwe,Zimbabwe,40350,7160
EFA: Sub-Saharan Africa,40350,7280,South Sudan,South Sudan,40350,7280
EFA: Sub-Saharan Africa,40350,7480,Swaziland,Swaziland,40350,7480
EFA: Sub-Saharan Africa,40350,7620,United Republic of Tanzania,UR Tanzania,40350,7620
EFA: Sub-Saharan Africa,40350,7680,Togo,Togo,40350,7680
EFA: Sub-Saharan Africa,40350,8000,Uganda,Uganda,40350,8000
EFA: Sub-Saharan Africa,40350,8540,Burkina Faso,Burkina Faso,40350,8540
EFA: Sub-Saharan Africa,40350,8920,Democratic Republic of the Congo,DR Congo,40350,8920
EFA: Sub-Saharan Africa,40350,8940,Zambia,Zambia,40350,8940
EFA:  Conflict Affected Countries,40380,40,Afghanistan,Afghanistan,40380,40
EFA:  Conflict Affected Countries,40380,120,Algeria,Algeria,40380,120
EFA:  Conflict Affected Countries,40380,240,Angola,Angola,40380,240
EFA:  Conflict Affected Countries,40380,1040,Myanmar,Myanmar,40380,1040
EFA:  Conflict Affected Countries,40380,1080,Burundi,Burundi,40380,1080
EFA:  Conflict Affected Countries,40380,1400,Central African Republic,C. African Rep.,40380,1400
EFA:  Conflict Affected Countries,40380,1480,Chad,Chad,40380,1480
EFA:  Conflict Affected Countries,40380,1700,Colombia,Colombia,40380,1700
EFA:  Conflict Affected Countries,40380,2270,Eritrea,Eritrea,40380,2270
EFA:  Conflict Affected Countries,40380,2300,Ethiopia,Ethiopia,40380,2300
EFA:  Conflict Affected Countries,40380,2720,Georgia,Georgia,40380,2720
EFA:  Conflict Affected Countries,40380,3240,Guinea,Guinea,40380,3240
EFA:  Conflict Affected Countries,40380,3560,India,India,40380,3560
EFA:  Conflict Affected Countries,40380,3600,Indonesia,Indonesia,40380,3600
EFA:  Conflict Affected Countries,40380,3680,Iraq,Iraq,40380,3680
EFA:  Conflict Affected Countries,40380,3840,Côte d'Ivoire,Côte d'Ivoire,40380,3840
EFA:  Conflict Affected Countries,40380,4300,Liberia,Liberia,40380,4300
EFA:  Conflict Affected Countries,40380,5240,Nepal,Nepal,40380,5240
EFA:  Conflict Affected Countries,40380,5660,Nigeria,Nigeria,40380,5660
EFA:  Conflict Affected Countries,40380,5860,Pakistan,Pakistan,40380,5860
EFA:  Conflict Affected Countries,40380,5880,Palestine,Palestine,40380,5880
EFA:  Conflict Affected Countries,40380,6080,Philippines,Philippines,40380,6080
EFA:  Conflict Affected Countries,40380,6260,Timor-Leste,Timor-Leste,40380,6260
EFA:  Conflict Affected Countries,40380,6430,Russian Federation,Russian Federation,40380,6430
EFA:  Conflict Affected Countries,40380,6460,Rwanda,Rwanda,40380,6460
EFA:  Conflict Affected Countries,40380,6880,Serbia,Serbia,40380,6880
EFA:  Conflict Affected Countries,40380,6940,Sierra Leone,Sierra Leone,40380,6940
EFA:  Conflict Affected Countries,40380,7060,Somalia,Somalia,40380,7060
EFA:  Conflict Affected Countries,40380,7280,South Sudan,South Sudan,40380,7280
EFA:  Conflict Affected Countries,40380,7290,Sudan,Sudan,40380,7290
EFA:  Conflict Affected Countries,40380,7340,Sri Lanka,Sri Lanka,40380,7340
EFA:  Conflict Affected Countries,40380,7640,Thailand,Thailand,40380,7640
EFA:  Conflict Affected Countries,40380,7920,Turkey,Turkey,40380,7920
EFA:  Conflict Affected Countries,40380,8000,Uganda,Uganda,40380,8000
EFA:  Conflict Affected Countries,40380,8850,Yemen,Yemen,40380,8850
EFA:  Conflict Affected Countries,40380,8920,Democratic Republic of the Congo,DR Congo,40380,8920
EFA:  Countries in transition,40387,80,Albania,Albania,40387,80
EFA:  Countries in transition,40387,340,Armenia,Armenia,40387,340
EFA:  Countries in transition,40387,380,Azerbaijan,Azerbaijan,40387,380
EFA:  Countries in transition,40387,570,Bosnia and Herzegovina,Bosnia/Herzeg.,40387,570
EFA:  Countries in transition,40387,1020,Croatia,Croatia,40387,1020
EFA:  Countries in transition,40387,2720,Georgia,Georgia,40387,2720
EFA:  Countries in transition,40387,4020,Kazakhstan,Kazakhstan,40387,4020
EFA:  Countries in transition,40387,4160,Kyrgyzstan,Kyrgyzstan,40387,4160
EFA:  Countries in transition,40387,4480,The former Yugoslav Republic of Macedonia,TFYR Macedonia,40387,4480
EFA:  Countries in transition,40387,4990,Montenegro,Montenegro,40387,4990
EFA:  Countries in transition,40387,6220,Republic of Moldova,Rep. of Moldova,40387,6220
EFA:  Countries in transition,40387,6430,Russian Federation,Russian Federation,40387,6430
EFA:  Countries in transition,40387,6880,Serbia,Serbia,40387,6880
EFA:  Countries in transition,40387,7610,Tajikistan,Tajikistan,40387,7610
EFA:  Countries in transition,40387,7940,Turkmenistan,Turkmenistan,40387,7940
EFA:  Countries in transition,40387,8050,Belarus,Belarus,40387,8050
EFA:  Countries in transition,40387,8070,Ukraine,Ukraine,40387,8070
EFA:  Countries in transition,40387,8600,Uzbekistan,Uzbekistan,40387,8600
EFA:  Developed countries,40388,200,Andorra,Andorra,40388,200
EFA:  Developed countries,40388,360,Australia,Australia,40388,360
EFA:  Developed countries,40388,400,Austria,Austria,40388,400
EFA:  Developed countries,40388,560,Belgium,Belgium,40388,560
EFA:  Developed countries,40388,600,Bermuda,Bermuda,40388,600
EFA:  Developed countries,40388,1000,Bulgaria,Bulgaria,40388,1000
EFA:  Developed countries,40388,1240,Canada,Canada,40388,1240
EFA:  Developed countries,40388,2020,Czech Republic,Czech Rep.,40388,2020
EFA:  Developed countries,40388,2080,Denmark,Denmark,40388,2080
EFA:  Developed countries,40388,2280,Estonia,Estonia,40388,2280
EFA:  Developed countries,40388,2460,Finland,Finland,40388,2460
EFA:  Developed countries,40388,2500,France,France,40388,2500
EFA:  Developed countries,40388,2760,Germany,Germany,40388,2760
EFA:  Developed countries,40388,3000,Greece,Greece,40388,3000
EFA:  Developed countries,40388,3480,Hungary,Hungary,40388,3480
EFA:  Developed countries,40388,3520,Iceland,Iceland,40388,3520
EFA:  Developed countries,40388,3720,Ireland,Ireland,40388,3720
EFA:  Developed countries,40388,3760,Israel,Israel,40388,3760
EFA:  Developed countries,40388,3800,Italy,Italy,40388,3800
EFA:  Developed countries,40388,3920,Japan,Japan,40388,3920
EFA:  Developed countries,40388,4200,Latvia,Latvia,40388,4200
EFA:  Developed countries,40388,4400,Lithuania,Lithuania,40388,4400
EFA:  Developed countries,40388,4420,Luxembourg,Luxembourg,40388,4420
EFA:  Developed countries,40388,4700,Malta,Malta,40388,4700
EFA:  Developed countries,40388,4920,Monaco,Monaco,40388,4920
EFA:  Developed countries,40388,5280,Netherlands,Netherlands,40388,5280
EFA:  Developed countries,40388,5540,New Zealand,New Zealand,40388,5540
EFA:  Developed countries,40388,5780,Norway,Norway,40388,5780
EFA:  Developed countries,40388,6160,Poland,Poland,40388,6160
EFA:  Developed countries,40388,6200,Portugal,Portugal,40388,6200
EFA:  Developed countries,40388,6420,Romania,Romania,40388,6420
EFA:  Developed countries,40388,6720,Slovakia,Slovakia,40388,6720
EFA:  Developed countries,40388,6740,San Marino,San Marino,40388,6740
EFA:  Developed countries,40388,6760,Slovenia,Slovenia,40388,6760
EFA:  Developed countries,40388,7240,Spain,Spain,40388,7240
EFA:  Developed countries,40388,7520,Sweden,Sweden,40388,7520
EFA:  Developed countries,40388,7560,Switzerland,Switzerland,40388,7560
EFA:  Developed countries,40388,8260,United Kingdom of Great Britain and Northern Ireland,United Kingdom,40388,8260
EFA:  Developed countries,40388,8400,United States of America,United States ,40388,8400
EFA:  Developing countries,40389,40,Afghanistan,Afghanistan,40389,40
EFA:  Developing countries,40389,120,Algeria,Algeria,40389,120
EFA:  Developing countries,40389,240,Angola,Angola,40389,240
EFA:  Developing countries,40389,260,Anguilla,Anguilla,40389,260
EFA:  Developing countries,40389,280,Antigua and Barbuda,Antigua/Barbuda,40389,280
EFA:  Developing countries,40389,320,Argentina,Argentina,40389,320
EFA:  Developing countries,40389,350,Aruba,Aruba,40389,350
EFA:  Developing countries,40389,440,Bahamas,Bahamas,40389,440
EFA:  Developing countries,40389,480,Bahrain,Bahrain,40389,480
EFA:  Developing countries,40389,500,Bangladesh,Bangladesh,40389,500
EFA:  Developing countries,40389,520,Barbados,Barbados,40389,520
EFA:  Developing countries,40389,580,Belize,Belize,40389,580
EFA:  Developing countries,40389,640,Bhutan,Bhutan,40389,640
EFA:  Developing countries,40389,680,Bolivia (Plurinational State of),Bolivia,40389,680
EFA:  Developing countries,40389,720,Botswana,Botswana,40389,720
EFA:  Developing countries,40389,760,Brazil,Brazil,40389,760
EFA:  Developing countries,40389,900,Solomon Islands,Solomon Islands,40389,900
EFA:  Developing countries,40389,955,Palau,Palau,40389,955
EFA:  Developing countries,40389,960,Brunei Darussalam,Brunei,40389,960
EFA:  Developing countries,40389,1040,Myanmar,Myanmar,40389,1040
EFA:  Developing countries,40389,1080,Burundi,Burundi,40389,1080
EFA:  Developing countries,40389,1200,Cameroon,Cameroon,40389,1200
EFA:  Developing countries,40389,1320,Cape Verde,Cape Verde,40389,1320
EFA:  Developing countries,40389,1360,Cayman Islands,Cayman Islands,40389,1360
EFA:  Developing countries,40389,1400,Central African Republic,C. African Rep.,40389,1400
EFA:  Developing countries,40389,1480,Chad,Chad,40389,1480
EFA:  Developing countries,40389,1520,Chile,Chile,40389,1520
EFA:  Developing countries,40389,1560,China,China,40389,1560
EFA:  Developing countries,40389,1700,Colombia,Colombia,40389,1700
EFA:  Developing countries,40389,1740,Comoros,Comoros,40389,1740
EFA:  Developing countries,40389,1780,Congo,Congo,40389,1780
EFA:  Developing countries,40389,1840,Cook Islands,Cook Islands,40389,1840
EFA:  Developing countries,40389,1880,Costa Rica,Costa Rica,40389,1880
EFA:  Developing countries,40389,1920,Cuba,Cuba,40389,1920
EFA:  Developing countries,40389,1960,Cyprus,Cyprus,40389,1960
EFA:  Developing countries,40389,2040,Benin,Benin,40389,2040
EFA:  Developing countries,40389,2120,Dominica,Dominica,40389,2120
EFA:  Developing countries,40389,2140,Dominican Republic,Dominican Rep.,40389,2140
EFA:  Developing countries,40389,2180,Ecuador,Ecuador,40389,2180
EFA:  Developing countries,40389,2200,Egypt,Egypt,40389,2200
EFA:  Developing countries,40389,2220,El Salvador,El Salvador,40389,2220
EFA:  Developing countries,40389,2260,Equatorial Guinea,Equatorial Guinea,40389,2260
EFA:  Developing countries,40389,2270,Eritrea,Eritrea,40389,2270
EFA:  Developing countries,40389,2300,Ethiopia,Ethiopia,40389,2300
EFA:  Developing countries,40389,2420,Fiji,Fiji,40389,2420
EFA:  Developing countries,40389,2620,Djibouti,Djibouti,40389,2620
EFA:  Developing countries,40389,2660,Gabon,Gabon,40389,2660
EFA:  Developing countries,40389,2700,Gambia,Gambia,40389,2700
EFA:  Developing countries,40389,2880,Ghana,Ghana,40389,2880
EFA:  Developing countries,40389,2960,Kiribati,Kiribati,40389,2960
EFA:  Developing countries,40389,3080,Grenada,Grenada,40389,3080
EFA:  Developing countries,40389,3200,Guatemala,Guatemala,40389,3200
EFA:  Developing countries,40389,3240,Guinea,Guinea,40389,3240
EFA:  Developing countries,40389,3280,Guyana,Guyana,40389,3280
EFA:  Developing countries,40389,3320,Haiti,Haiti,40389,3320
EFA:  Developing countries,40389,3400,Honduras,Honduras,40389,3400
EFA:  Developing countries,40389,3560,India,India,40389,3560
EFA:  Developing countries,40389,3600,Indonesia,Indonesia,40389,3600
EFA:  Developing countries,40389,3640,Iran (Islamic Republic of),Iran,40389,3640
EFA:  Developing countries,40389,3680,Iraq,Iraq,40389,3680
EFA:  Developing countries,40389,3840,Côte d'Ivoire,Côte d'Ivoire,40389,3840
EFA:  Developing countries,40389,3880,Jamaica,Jamaica,40389,3880
EFA:  Developing countries,40389,4000,Jordan,Jordan,40389,4000
EFA:  Developing countries,40389,4040,Kenya,Kenya,40389,4040
EFA:  Developing countries,40389,4060,Cambodia,Cambodia,40389,4060
EFA:  Developing countries,40389,4070,Republic of Korea,Rep. of Korea,40389,4070
EFA:  Developing countries,40389,4090,Democratic People's Republic of Korea,DPR Korea,40389,4090
EFA:  Developing countries,40389,4140,Kuwait,Kuwait,40389,4140
EFA:  Developing countries,40389,4180,Lao People's Democratic Republic,Laos,40389,4180
EFA:  Developing countries,40389,4220,Lebanon,Lebanon,40389,4220
EFA:  Developing countries,40389,4260,Lesotho,Lesotho,40389,4260
EFA:  Developing countries,40389,4300,Liberia,Liberia,40389,4300
EFA:  Developing countries,40389,4340,Libya,Libya,40389,4340
EFA:  Developing countries,40389,4460,China, Macao Special Administrative Region,China, Macao,40389,4460
EFA:  Developing countries,40389,4500,Madagascar,Madagascar,40389,4500
EFA:  Developing countries,40389,4540,Malawi,Malawi,40389,4540
EFA:  Developing countries,40389,4580,Malaysia,Malaysia,40389,4580
EFA:  Developing countries,40389,4620,Maldives,Maldives,40389,4620
EFA:  Developing countries,40389,4660,Mali,Mali,40389,4660
EFA:  Developing countries,40389,4780,Mauritania,Mauritania,40389,4780
EFA:  Developing countries,40389,4800,Mauritius,Mauritius,40389,4800
EFA:  Developing countries,40389,4840,Mexico,Mexico,40389,4840
EFA:  Developing countries,40389,4845,Micronesia (Federated States of),Micronesia,40389,4845
EFA:  Developing countries,40389,4960,Mongolia,Mongolia,40389,4960
EFA:  Developing countries,40389,5000,Montserrat,Montserrat,40389,5000
EFA:  Developing countries,40389,5040,Morocco,Morocco,40389,5040
EFA:  Developing countries,40389,5080,Mozambique,Mozambique,40389,5080
EFA:  Developing countries,40389,5160,Namibia,Namibia,40389,5160
EFA:  Developing countries,40389,5200,Nauru,Nauru,40389,5200
EFA:  Developing countries,40389,5240,Nepal,Nepal,40389,5240
EFA:  Developing countries,40389,5320,Netherlands Antilles,Nl Antilles,40389,5320
EFA:  Developing countries,40389,5480,Vanuatu,Vanuatu,40389,5480
EFA:  Developing countries,40389,5580,Nicaragua,Nicaragua,40389,5580
EFA:  Developing countries,40389,5620,Niger,Niger,40389,5620
EFA:  Developing countries,40389,5660,Nigeria,Nigeria,40389,5660
EFA:  Developing countries,40389,5700,Niue,Niue,40389,5700
EFA:  Developing countries,40389,5800,Oman,Oman,40389,5800
EFA:  Developing countries,40389,5840,Marshall Islands,Marshall Is,40389,5840
EFA:  Developing countries,40389,5860,Pakistan,Pakistan,40389,5860
EFA:  Developing countries,40389,5880,Palestine,Palestine,40389,5880
EFA:  Developing countries,40389,5900,Panama,Panama,40389,5900
EFA:  Developing countries,40389,5980,Papua New Guinea,Papua New Guinea,40389,5980
EFA:  Developing countries,40389,6000,Paraguay,Paraguay,40389,6000
EFA:  Developing countries,40389,6040,Peru,Peru,40389,6040
EFA:  Developing countries,40389,6080,Philippines,Philippines,40389,6080
EFA:  Developing countries,40389,6240,Guinea-Bissau,Guinea-Bissau,40389,6240
EFA:  Developing countries,40389,6260,Timor-Leste,Timor-Leste,40389,6260
EFA:  Developing countries,40389,6340,Qatar,Qatar,40389,6340
EFA:  Developing countries,40389,6460,Rwanda,Rwanda,40389,6460
EFA:  Developing countries,40389,6560,Saint Kitts and Nevis,St Kitts/Nevis,40389,6560
EFA:  Developing countries,40389,6620,Saint Lucia,Saint Lucia,40389,6620
EFA:  Developing countries,40389,6700,Saint Vincent and the Grenadines,St Vincent/Grenad.,40389,6700
EFA:  Developing countries,40389,6780,Sao Tome and Principe,Sao Tome/Principe,40389,6780
EFA:  Developing countries,40389,6820,Saudi Arabia,Saudi Arabia,40389,6820
EFA:  Developing countries,40389,6860,Senegal,Senegal,40389,6860
EFA:  Developing countries,40389,6900,Seychelles,Seychelles,40389,6900
EFA:  Developing countries,40389,6940,Sierra Leone,Sierra Leone,40389,6940
EFA:  Developing countries,40389,7020,Singapore,Singapore,40389,7020
EFA:  Developing countries,40389,7060,Somalia,Somalia,40389,7060
EFA:  Developing countries,40389,7100,South Africa,South Africa,40389,7100
EFA:  Developing countries,40389,7160,Zimbabwe,Zimbabwe,40389,7160
EFA:  Developing countries,40389,7280,South Sudan,South Sudan,40389,7280
EFA:  Developing countries,40389,7290,Sudan,Sudan,40389,7290
EFA:  Developing countries,40389,7340,Sri Lanka,Sri Lanka,40389,7340
EFA:  Developing countries,40389,7400,Suriname,Suriname,40389,7400
EFA:  Developing countries,40389,7480,Swaziland,Swaziland,40389,7480
EFA:  Developing countries,40389,7600,Syrian Arab Republic,Syrian Arab Rep.,40389,7600
EFA:  Developing countries,40389,7620,United Republic of Tanzania,UR Tanzania,40389,7620
EFA:  Developing countries,40389,7640,Thailand,Thailand,40389,7640
EFA:  Developing countries,40389,7680,Togo,Togo,40389,7680
EFA:  Developing countries,40389,7720,Tokelau,Tokelau,40389,7720
EFA:  Developing countries,40389,7760,Tonga,Tonga,40389,7760
EFA:  Developing countries,40389,7780,Tuvalu,Tuvalu,40389,7780
EFA:  Developing countries,40389,7800,Trinidad and Tobago,Trinidad/Tobago,40389,7800
EFA:  Developing countries,40389,7880,Tunisia,Tunisia,40389,7880
EFA:  Developing countries,40389,7920,Turkey,Turkey,40389,7920
EFA:  Developing countries,40389,7960,Turks and Caicos Islands,Turks/Caicos Is,40389,7960
EFA:  Developing countries,40389,8000,Uganda,Uganda,40389,8000
EFA:  Developing countries,40389,8120,United Arab Emirates,UA Emirates,40389,8120
EFA:  Developing countries,40389,8540,Burkina Faso,Burkina Faso,40389,8540
EFA:  Developing countries,40389,8580,Uruguay,Uruguay,40389,8580
EFA:  Developing countries,40389,8620,Venezuela (Bolivarian Republic of),Venezuela,40389,8620
EFA:  Developing countries,40389,8680,Viet Nam,Viet Nam,40389,8680
EFA:  Developing countries,40389,8690,British Virgin Islands,British Virgin Is,40389,8690
EFA:  Developing countries,40389,8820,Samoa,Samoa,40389,8820
EFA:  Developing countries,40389,8850,Yemen,Yemen,40389,8850
EFA:  Developing countries,40389,8920,Democratic Republic of the Congo,DR Congo,40389,8920
EFA:  Developing countries,40389,8940,Zambia,Zambia,40389,8940
EFA: high income (July 2011),42700,200,Andorra,Andorra,42700,200
EFA: high income (July 2011),42700,260,Anguilla,Anguilla,42700,260
EFA: high income (July 2011),42700,350,Aruba,Aruba,42700,350
EFA: high income (July 2011),42700,360,Australia,Australia,42700,360
EFA: high income (July 2011),42700,400,Austria,Austria,42700,400
EFA: high income (July 2011),42700,440,Bahamas,Bahamas,42700,440
EFA: high income (July 2011),42700,480,Bahrain,Bahrain,42700,480
EFA: high income (July 2011),42700,520,Barbados,Barbados,42700,520
EFA: high income (July 2011),42700,560,Belgium,Belgium,42700,560
EFA: high income (July 2011),42700,600,Bermuda,Bermuda,42700,600
EFA: high income (July 2011),42700,960,Brunei Darussalam,Brunei,42700,960
EFA: high income (July 2011),42700,1020,Croatia,Croatia,42700,1020
EFA: high income (July 2011),42700,1240,Canada,Canada,42700,1240
EFA: high income (July 2011),42700,1360,Cayman Islands,Cayman Islands,42700,1360
EFA: high income (July 2011),42700,1960,Cyprus,Cyprus,42700,1960
EFA: high income (July 2011),42700,2020,Czech Republic,Czech Rep.,42700,2020
EFA: high income (July 2011),42700,2080,Denmark,Denmark,42700,2080
EFA: high income (July 2011),42700,2260,Equatorial Guinea,Equatorial Guinea,42700,2260
EFA: high income (July 2011),42700,2280,Estonia,Estonia,42700,2280
EFA: high income (July 2011),42700,2460,Finland,Finland,42700,2460
EFA: high income (July 2011),42700,2500,France,France,42700,2500
EFA: high income (July 2011),42700,2760,Germany,Germany,42700,2760
EFA: high income (July 2011),42700,3000,Greece,Greece,42700,3000
EFA: high income (July 2011),42700,3480,Hungary,Hungary,42700,3480
EFA: high income (July 2011),42700,3520,Iceland,Iceland,42700,3520
EFA: high income (July 2011),42700,3720,Ireland,Ireland,42700,3720
EFA: high income (July 2011),42700,3760,Israel,Israel,42700,3760
EFA: high income (July 2011),42700,3800,Italy,Italy,42700,3800
EFA: high income (July 2011),42700,3920,Japan,Japan,42700,3920
EFA: high income (July 2011),42700,4070,Republic of Korea,Rep. of Korea,42700,4070
EFA: high income (July 2011),42700,4140,Kuwait,Kuwait,42700,4140
EFA: high income (July 2011),42700,4420,Luxembourg,Luxembourg,42700,4420
EFA: high income (July 2011),42700,4460,China, Macao Special Administrative Region,China, Macao,42700,4460
EFA: high income (July 2011),42700,4700,Malta,Malta,42700,4700
EFA: high income (July 2011),42700,4920,Monaco,Monaco,42700,4920
EFA: high income (July 2011),42700,5280,Netherlands,Netherlands,42700,5280
EFA: high income (July 2011),42700,5320,Netherlands Antilles,Nl Antilles,42700,5320
EFA: high income (July 2011),42700,5540,New Zealand,New Zealand,42700,5540
EFA: high income (July 2011),42700,5780,Norway,Norway,42700,5780
EFA: high income (July 2011),42700,5800,Oman,Oman,42700,5800
EFA: high income (July 2011),42700,6160,Poland,Poland,42700,6160
EFA: high income (July 2011),42700,6200,Portugal,Portugal,42700,6200
EFA: high income (July 2011),42700,6340,Qatar,Qatar,42700,6340
EFA: high income (July 2011),42700,6720,Slovakia,Slovakia,42700,6720
EFA: high income (July 2011),42700,6740,San Marino,San Marino,42700,6740
EFA: high income (July 2011),42700,6760,Slovenia,Slovenia,42700,6760
EFA: high income (July 2011),42700,6820,Saudi Arabia,Saudi Arabia,42700,6820
EFA: high income (July 2011),42700,7020,Singapore,Singapore,42700,7020
EFA: high income (July 2011),42700,7240,Spain,Spain,42700,7240
EFA: high income (July 2011),42700,7520,Sweden,Sweden,42700,7520
EFA: high income (July 2011),42700,7560,Switzerland,Switzerland,42700,7560
EFA: high income (July 2011),42700,7800,Trinidad and Tobago,Trinidad/Tobago,42700,7800
EFA: high income (July 2011),42700,7960,Turks and Caicos Islands,Turks/Caicos Is,42700,7960
EFA: high income (July 2011),42700,8120,United Arab Emirates,UA Emirates,42700,8120
EFA: high income (July 2011),42700,8260,United Kingdom of Great Britain and Northern Ireland,United Kingdom,42700,8260
EFA: high income (July 2011),42700,8400,United States of America,United States ,42700,8400
EFA: high income (July 2011),42700,8690,British Virgin Islands,British Virgin Is,42700,8690
EFA: low income (July 2011),42710,40,Afghanistan,Afghanistan,42710,40
EFA: low income (July 2011),42710,500,Bangladesh,Bangladesh,42710,500
EFA: low income (July 2011),42710,1040,Myanmar,Myanmar,42710,1040
EFA: low income (July 2011),42710,1080,Burundi,Burundi,42710,1080
EFA: low income (July 2011),42710,1400,Central African Republic,C. African Rep.,42710,1400
EFA: low income (July 2011),42710,1480,Chad,Chad,42710,1480
EFA: low income (July 2011),42710,1740,Comoros,Comoros,42710,1740
EFA: low income (July 2011),42710,2040,Benin,Benin,42710,2040
EFA: low income (July 2011),42710,2270,Eritrea,Eritrea,42710,2270
EFA: low income (July 2011),42710,2300,Ethiopia,Ethiopia,42710,2300
EFA: low income (July 2011),42710,2700,Gambia,Gambia,42710,2700
EFA: low income (July 2011),42710,3240,Guinea,Guinea,42710,3240
EFA: low income (July 2011),42710,3320,Haiti,Haiti,42710,3320
EFA: low income (July 2011),42710,4040,Kenya,Kenya,42710,4040
EFA: low income (July 2011),42710,4060,Cambodia,Cambodia,42710,4060
EFA: low income (July 2011),42710,4090,Democratic People's Republic of Korea,DPR Korea,42710,4090
EFA: low income (July 2011),42710,4160,Kyrgyzstan,Kyrgyzstan,42710,4160
EFA: low income (July 2011),42710,4300,Liberia,Liberia,42710,4300
EFA: low income (July 2011),42710,4500,Madagascar,Madagascar,42710,4500
EFA: low income (July 2011),42710,4540,Malawi,Malawi,42710,4540
EFA: low income (July 2011),42710,4660,Mali,Mali,42710,4660
EFA: low income (July 2011),42710,5080,Mozambique,Mozambique,42710,5080
EFA: low income (July 2011),42710,5240,Nepal,Nepal,42710,5240
EFA: low income (July 2011),42710,5620,Niger,Niger,42710,5620
EFA: low income (July 2011),42710,6240,Guinea-Bissau,Guinea-Bissau,42710,6240
EFA: low income (July 2011),42710,6460,Rwanda,Rwanda,42710,6460
EFA: low income (July 2011),42710,6940,Sierra Leone,Sierra Leone,42710,6940
EFA: low income (July 2011),42710,7060,Somalia,Somalia,42710,7060
EFA: low income (July 2011),42710,7160,Zimbabwe,Zimbabwe,42710,7160
EFA: low income (July 2011),42710,7610,Tajikistan,Tajikistan,42710,7610
EFA: low income (July 2011),42710,7620,United Republic of Tanzania,UR Tanzania,42710,7620
EFA: low income (July 2011),42710,7680,Togo,Togo,42710,7680
EFA: low income (July 2011),42710,7720,Tokelau,Tokelau,42710,7720
EFA: low income (July 2011),42710,8000,Uganda,Uganda,42710,8000
EFA: low income (July 2011),42710,8540,Burkina Faso,Burkina Faso,42710,8540
EFA: low income (July 2011),42710,8920,Democratic Republic of the Congo,DR Congo,42710,8920
EFA: lower middle income (July 2011),42720,80,Albania,Albania,42720,80
EFA: lower middle income (July 2011),42720,240,Angola,Angola,42720,240
EFA: lower middle income (July 2011),42720,340,Armenia,Armenia,42720,340
EFA: lower middle income (July 2011),42720,580,Belize,Belize,42720,580
EFA: lower middle income (July 2011),42720,640,Bhutan,Bhutan,42720,640
EFA: lower middle income (July 2011),42720,680,Bolivia (Plurinational State of),Bolivia,42720,680
EFA: lower middle income (July 2011),42720,900,Solomon Islands,Solomon Islands,42720,900
EFA: lower middle income (July 2011),42720,1200,Cameroon,Cameroon,42720,1200
EFA: lower middle income (July 2011),42720,1320,Cape Verde,Cape Verde,42720,1320
EFA: lower middle income (July 2011),42720,1780,Congo,Congo,42720,1780
EFA: lower middle income (July 2011),42720,2200,Egypt,Egypt,42720,2200
EFA: lower middle income (July 2011),42720,2220,El Salvador,El Salvador,42720,2220
EFA: lower middle income (July 2011),42720,2420,Fiji,Fiji,42720,2420
EFA: lower middle income (July 2011),42720,2620,Djibouti,Djibouti,42720,2620
EFA: lower middle income (July 2011),42720,2720,Georgia,Georgia,42720,2720
EFA: lower middle income (July 2011),42720,2880,Ghana,Ghana,42720,2880
EFA: lower middle income (July 2011),42720,2960,Kiribati,Kiribati,42720,2960
EFA: lower middle income (July 2011),42720,3200,Guatemala,Guatemala,42720,3200
EFA: lower middle income (July 2011),42720,3280,Guyana,Guyana,42720,3280
EFA: lower middle income (July 2011),42720,3400,Honduras,Honduras,42720,3400
EFA: lower middle income (July 2011),42720,3560,India,India,42720,3560
EFA: lower middle income (July 2011),42720,3600,Indonesia,Indonesia,42720,3600
EFA: lower middle income (July 2011),42720,3680,Iraq,Iraq,42720,3680
EFA: lower middle income (July 2011),42720,3840,Côte d'Ivoire,Côte d'Ivoire,42720,3840
EFA: lower middle income (July 2011),42720,4180,Lao People's Democratic Republic,Laos,42720,4180
EFA: lower middle income (July 2011),42720,4260,Lesotho,Lesotho,42720,4260
EFA: lower middle income (July 2011),42720,4780,Mauritania,Mauritania,42720,4780
EFA: lower middle income (July 2011),42720,4845,Micronesia (Federated States of),Micronesia,42720,4845
EFA: lower middle income (July 2011),42720,4960,Mongolia,Mongolia,42720,4960
EFA: lower middle income (July 2011),42720,5040,Morocco,Morocco,42720,5040
EFA: lower middle income (July 2011),42720,5480,Vanuatu,Vanuatu,42720,5480
EFA: lower middle income (July 2011),42720,5580,Nicaragua,Nicaragua,42720,5580
EFA: lower middle income (July 2011),42720,5660,Nigeria,Nigeria,42720,5660
EFA: lower middle income (July 2011),42720,5840,Marshall Islands,Marshall Is,42720,5840
EFA: lower middle income (July 2011),42720,5860,Pakistan,Pakistan,42720,5860
EFA: lower middle income (July 2011),42720,5880,Palestine,Palestine,42720,5880
EFA: lower middle income (July 2011),42720,5980,Papua New Guinea,Papua New Guinea,42720,5980
EFA: lower middle income (July 2011),42720,6000,Paraguay,Paraguay,42720,6000
EFA: lower middle income (July 2011),42720,6080,Philippines,Philippines,42720,6080
EFA: lower middle income (July 2011),42720,6220,Republic of Moldova,Rep. of Moldova,42720,6220
EFA: lower middle income (July 2011),42720,6260,Timor-Leste,Timor-Leste,42720,6260
EFA: lower middle income (July 2011),42720,6780,Sao Tome and Principe,Sao Tome/Principe,42720,6780
EFA: lower middle income (July 2011),42720,6860,Senegal,Senegal,42720,6860
EFA: lower middle income (July 2011),42720,7340,Sri Lanka,Sri Lanka,42720,7340
EFA: lower middle income (July 2011),42720,7360,Sudan (pre-secession),Sudan (pre-secession),42720,7360
EFA: lower middle income (July 2011),42720,7480,Swaziland,Swaziland,42720,7480
EFA: lower middle income (July 2011),42720,7600,Syrian Arab Republic,Syrian Arab Rep.,42720,7600
EFA: lower middle income (July 2011),42720,7760,Tonga,Tonga,42720,7760
EFA: lower middle income (July 2011),42720,7780,Tuvalu,Tuvalu,42720,7780
EFA: lower middle income (July 2011),42720,7940,Turkmenistan,Turkmenistan,42720,7940
EFA: lower middle income (July 2011),42720,8070,Ukraine,Ukraine,42720,8070
EFA: lower middle income (July 2011),42720,8600,Uzbekistan,Uzbekistan,42720,8600
EFA: lower middle income (July 2011),42720,8680,Viet Nam,Viet Nam,42720,8680
EFA: lower middle income (July 2011),42720,8820,Samoa,Samoa,42720,8820
EFA: lower middle income (July 2011),42720,8850,Yemen,Yemen,42720,8850
EFA: lower middle income (July 2011),42720,8940,Zambia,Zambia,42720,8940
EFA: middle income (July 2011),42730,80,Albania,Albania,42730,80
EFA: middle income (July 2011),42730,120,Algeria,Algeria,42730,120
EFA: middle income (July 2011),42730,240,Angola,Angola,42730,240
EFA: middle income (July 2011),42730,280,Antigua and Barbuda,Antigua/Barbuda,42730,280
EFA: middle income (July 2011),42730,320,Argentina,Argentina,42730,320
EFA: middle income (July 2011),42730,340,Armenia,Armenia,42730,340
EFA: middle income (July 2011),42730,380,Azerbaijan,Azerbaijan,42730,380
EFA: middle income (July 2011),42730,570,Bosnia and Herzegovina,Bosnia/Herzeg.,42730,570
EFA: middle income (July 2011),42730,580,Belize,Belize,42730,580
EFA: middle income (July 2011),42730,640,Bhutan,Bhutan,42730,640
EFA: middle income (July 2011),42730,680,Bolivia (Plurinational State of),Bolivia,42730,680
EFA: middle income (July 2011),42730,720,Botswana,Botswana,42730,720
EFA: middle income (July 2011),42730,760,Brazil,Brazil,42730,760
EFA: middle income (July 2011),42730,900,Solomon Islands,Solomon Islands,42730,900
EFA: middle income (July 2011),42730,955,Palau,Palau,42730,955
EFA: middle income (July 2011),42730,1000,Bulgaria,Bulgaria,42730,1000
EFA: middle income (July 2011),42730,1200,Cameroon,Cameroon,42730,1200
EFA: middle income (July 2011),42730,1320,Cape Verde,Cape Verde,42730,1320
EFA: middle income (July 2011),42730,1520,Chile,Chile,42730,1520
EFA: middle income (July 2011),42730,1560,China,China,42730,1560
EFA: middle income (July 2011),42730,1700,Colombia,Colombia,42730,1700
EFA: middle income (July 2011),42730,1780,Congo,Congo,42730,1780
EFA: middle income (July 2011),42730,1840,Cook Islands,Cook Islands,42730,1840
EFA: middle income (July 2011),42730,1880,Costa Rica,Costa Rica,42730,1880
EFA: middle income (July 2011),42730,1920,Cuba,Cuba,42730,1920
EFA: middle income (July 2011),42730,2120,Dominica,Dominica,42730,2120
EFA: middle income (July 2011),42730,2140,Dominican Republic,Dominican Rep.,42730,2140
EFA: middle income (July 2011),42730,2180,Ecuador,Ecuador,42730,2180
EFA: middle income (July 2011),42730,2200,Egypt,Egypt,42730,2200
EFA: middle income (July 2011),42730,2220,El Salvador,El Salvador,42730,2220
EFA: middle income (July 2011),42730,2420,Fiji,Fiji,42730,2420
EFA: middle income (July 2011),42730,2620,Djibouti,Djibouti,42730,2620
EFA: middle income (July 2011),42730,2660,Gabon,Gabon,42730,2660
EFA: middle income (July 2011),42730,2720,Georgia,Georgia,42730,2720
EFA: middle income (July 2011),42730,2880,Ghana,Ghana,42730,2880
EFA: middle income (July 2011),42730,2960,Kiribati,Kiribati,42730,2960
EFA: middle income (July 2011),42730,3080,Grenada,Grenada,42730,3080
EFA: middle income (July 2011),42730,3200,Guatemala,Guatemala,42730,3200
EFA: middle income (July 2011),42730,3280,Guyana,Guyana,42730,3280
EFA: middle income (July 2011),42730,3400,Honduras,Honduras,42730,3400
EFA: middle income (July 2011),42730,3560,India,India,42730,3560
EFA: middle income (July 2011),42730,3600,Indonesia,Indonesia,42730,3600
EFA: middle income (July 2011),42730,3640,Iran (Islamic Republic of),Iran,42730,3640
EFA: middle income (July 2011),42730,3680,Iraq,Iraq,42730,3680
EFA: middle income (July 2011),42730,3840,Côte d'Ivoire,Côte d'Ivoire,42730,3840
EFA: middle income (July 2011),42730,3880,Jamaica,Jamaica,42730,3880
EFA: middle income (July 2011),42730,4000,Jordan,Jordan,42730,4000
EFA: middle income (July 2011),42730,4020,Kazakhstan,Kazakhstan,42730,4020
EFA: middle income (July 2011),42730,4180,Lao People's Democratic Republic,Laos,42730,4180
EFA: middle income (July 2011),42730,4200,Latvia,Latvia,42730,4200
EFA: middle income (July 2011),42730,4220,Lebanon,Lebanon,42730,4220
EFA: middle income (July 2011),42730,4260,Lesotho,Lesotho,42730,4260
EFA: middle income (July 2011),42730,4340,Libya,Libya,42730,4340
EFA: middle income (July 2011),42730,4400,Lithuania,Lithuania,42730,4400
EFA: middle income (July 2011),42730,4480,The former Yugoslav Republic of Macedonia,TFYR Macedonia,42730,4480
EFA: middle income (July 2011),42730,4580,Malaysia,Malaysia,42730,4580
EFA: middle income (July 2011),42730,4620,Maldives,Maldives,42730,4620
EFA: middle income (July 2011),42730,4780,Mauritania,Mauritania,42730,4780
EFA: middle income (July 2011),42730,4800,Mauritius,Mauritius,42730,4800
EFA: middle income (July 2011),42730,4840,Mexico,Mexico,42730,4840
EFA: middle income (July 2011),42730,4845,Micronesia (Federated States of),Micronesia,42730,4845
EFA: middle income (July 2011),42730,4960,Mongolia,Mongolia,42730,4960
EFA: middle income (July 2011),42730,4990,Montenegro,Montenegro,42730,4990
EFA: middle income (July 2011),42730,5000,Montserrat,Montserrat,42730,5000
EFA: middle income (July 2011),42730,5040,Morocco,Morocco,42730,5040
EFA: middle income (July 2011),42730,5160,Namibia,Namibia,42730,5160
EFA: middle income (July 2011),42730,5200,Nauru,Nauru,42730,5200
EFA: middle income (July 2011),42730,5480,Vanuatu,Vanuatu,42730,5480
EFA: middle income (July 2011),42730,5580,Nicaragua,Nicaragua,42730,5580
EFA: middle income (July 2011),42730,5660,Nigeria,Nigeria,42730,5660
EFA: middle income (July 2011),42730,5700,Niue,Niue,42730,5700
EFA: middle income (July 2011),42730,5840,Marshall Islands,Marshall Is,42730,5840
EFA: middle income (July 2011),42730,5860,Pakistan,Pakistan,42730,5860
EFA: middle income (July 2011),42730,5880,Palestine,Palestine,42730,5880
EFA: middle income (July 2011),42730,5900,Panama,Panama,42730,5900
EFA: middle income (July 2011),42730,5980,Papua New Guinea,Papua New Guinea,42730,5980
EFA: middle income (July 2011),42730,6000,Paraguay,Paraguay,42730,6000
EFA: middle income (July 2011),42730,6040,Peru,Peru,42730,6040
EFA: middle income (July 2011),42730,6080,Philippines,Philippines,42730,6080
EFA: middle income (July 2011),42730,6220,Republic of Moldova,Rep. of Moldova,42730,6220
EFA: middle income (July 2011),42730,6260,Timor-Leste,Timor-Leste,42730,6260
EFA: middle income (July 2011),42730,6420,Romania,Romania,42730,6420
EFA: middle income (July 2011),42730,6430,Russian Federation,Russian Federation,42730,6430
EFA: middle income (July 2011),42730,6560,Saint Kitts and Nevis,St Kitts/Nevis,42730,6560
EFA: middle income (July 2011),42730,6620,Saint Lucia,Saint Lucia,42730,6620
EFA: middle income (July 2011),42730,6700,Saint Vincent and the Grenadines,St Vincent/Grenad.,42730,6700
EFA: middle income (July 2011),42730,6780,Sao Tome and Principe,Sao Tome/Principe,42730,6780
EFA: middle income (July 2011),42730,6860,Senegal,Senegal,42730,6860
EFA: middle income (July 2011),42730,6880,Serbia,Serbia,42730,6880
EFA: middle income (July 2011),42730,6900,Seychelles,Seychelles,42730,6900
EFA: middle income (July 2011),42730,7100,South Africa,South Africa,42730,7100
EFA: middle income (July 2011),42730,7340,Sri Lanka,Sri Lanka,42730,7340
EFA: middle income (July 2011),42730,7360,Sudan (pre-secession),Sudan (pre-secession),42730,7360
EFA: middle income (July 2011),42730,7400,Suriname,Suriname,42730,7400
EFA: middle income (July 2011),42730,7480,Swaziland,Swaziland,42730,7480
EFA: middle income (July 2011),42730,7600,Syrian Arab Republic,Syrian Arab Rep.,42730,7600
EFA: middle income (July 2011),42730,7640,Thailand,Thailand,42730,7640
EFA: middle income (July 2011),42730,7760,Tonga,Tonga,42730,7760
EFA: middle income (July 2011),42730,7780,Tuvalu,Tuvalu,42730,7780
EFA: middle income (July 2011),42730,7880,Tunisia,Tunisia,42730,7880
EFA: middle income (July 2011),42730,7920,Turkey,Turkey,42730,7920
EFA: middle income (July 2011),42730,7940,Turkmenistan,Turkmenistan,42730,7940
EFA: middle income (July 2011),42730,8050,Belarus,Belarus,42730,8050
EFA: middle income (July 2011),42730,8070,Ukraine,Ukraine,42730,8070
EFA: middle income (July 2011),42730,8580,Uruguay,Uruguay,42730,8580
EFA: middle income (July 2011),42730,8600,Uzbekistan,Uzbekistan,42730,8600
EFA: middle income (July 2011),42730,8620,Venezuela (Bolivarian Republic of),Venezuela,42730,8620
EFA: middle income (July 2011),42730,8680,Viet Nam,Viet Nam,42730,8680
EFA: middle income (July 2011),42730,8820,Samoa,Samoa,42730,8820
EFA: middle income (July 2011),42730,8850,Yemen,Yemen,42730,8850
EFA: middle income (July 2011),42730,8940,Zambia,Zambia,42730,8940
EFA: upper middle income (July 2011),42740,120,Algeria,Algeria,42740,120
EFA: upper middle income (July 2011),42740,280,Antigua and Barbuda,Antigua/Barbuda,42740,280
EFA: upper middle income (July 2011),42740,320,Argentina,Argentina,42740,320
EFA: upper middle income (July 2011),42740,380,Azerbaijan,Azerbaijan,42740,380
EFA: upper middle income (July 2011),42740,570,Bosnia and Herzegovina,Bosnia/Herzeg.,42740,570
EFA: upper middle income (July 2011),42740,720,Botswana,Botswana,42740,720
EFA: upper middle income (July 2011),42740,760,Brazil,Brazil,42740,760
EFA: upper middle income (July 2011),42740,955,Palau,Palau,42740,955
EFA: upper middle income (July 2011),42740,1000,Bulgaria,Bulgaria,42740,1000
EFA: upper middle income (July 2011),42740,1520,Chile,Chile,42740,1520
EFA: upper middle income (July 2011),42740,1560,China,China,42740,1560
EFA: upper middle income (July 2011),42740,1700,Colombia,Colombia,42740,1700
EFA: upper middle income (July 2011),42740,1840,Cook Islands,Cook Islands,42740,1840
EFA: upper middle income (July 2011),42740,1880,Costa Rica,Costa Rica,42740,1880
EFA: upper middle income (July 2011),42740,1920,Cuba,Cuba,42740,1920
EFA: upper middle income (July 2011),42740,2120,Dominica,Dominica,42740,2120
EFA: upper middle income (July 2011),42740,2140,Dominican Republic,Dominican Rep.,42740,2140
EFA: upper middle income (July 2011),42740,2180,Ecuador,Ecuador,42740,2180
EFA: upper middle income (July 2011),42740,2660,Gabon,Gabon,42740,2660
EFA: upper middle income (July 2011),42740,3080,Grenada,Grenada,42740,3080
EFA: upper middle income (July 2011),42740,3640,Iran (Islamic Republic of),Iran,42740,3640
EFA: upper middle income (July 2011),42740,3880,Jamaica,Jamaica,42740,3880
EFA: upper middle income (July 2011),42740,4000,Jordan,Jordan,42740,4000
EFA: upper middle income (July 2011),42740,4020,Kazakhstan,Kazakhstan,42740,4020
EFA: upper middle income (July 2011),42740,4200,Latvia,Latvia,42740,4200
EFA: upper middle income (July 2011),42740,4220,Lebanon,Lebanon,42740,4220
EFA: upper middle income (July 2011),42740,4340,Libya,Libya,42740,4340
EFA: upper middle income (July 2011),42740,4400,Lithuania,Lithuania,42740,4400
EFA: upper middle income (July 2011),42740,4480,The former Yugoslav Republic of Macedonia,TFYR Macedonia,42740,4480
EFA: upper middle income (July 2011),42740,4580,Malaysia,Malaysia,42740,4580
EFA: upper middle income (July 2011),42740,4620,Maldives,Maldives,42740,4620
EFA: upper middle income (July 2011),42740,4800,Mauritius,Mauritius,42740,4800
EFA: upper middle income (July 2011),42740,4840,Mexico,Mexico,42740,4840
EFA: upper middle income (July 2011),42740,4990,Montenegro,Montenegro,42740,4990
EFA: upper middle income (July 2011),42740,5000,Montserrat,Montserrat,42740,5000
EFA: upper middle income (July 2011),42740,5160,Namibia,Namibia,42740,5160
EFA: upper middle income (July 2011),42740,5200,Nauru,Nauru,42740,5200
EFA: upper middle income (July 2011),42740,5700,Niue,Niue,42740,5700
EFA: upper middle income (July 2011),42740,5900,Panama,Panama,42740,5900
EFA: upper middle income (July 2011),42740,6040,Peru,Peru,42740,6040
EFA: upper middle income (July 2011),42740,6420,Romania,Romania,42740,6420
EFA: upper middle income (July 2011),42740,6430,Russian Federation,Russian Federation,42740,6430
EFA: upper middle income (July 2011),42740,6560,Saint Kitts and Nevis,St Kitts/Nevis,42740,6560
EFA: upper middle income (July 2011),42740,6620,Saint Lucia,Saint Lucia,42740,6620
EFA: upper middle income (July 2011),42740,6700,Saint Vincent and the Grenadines,St Vincent/Grenad.,42740,6700
EFA: upper middle income (July 2011),42740,6880,Serbia,Serbia,42740,6880
EFA: upper middle income (July 2011),42740,6900,Seychelles,Seychelles,42740,6900
EFA: upper middle income (July 2011),42740,7100,South Africa,South Africa,42740,7100
EFA: upper middle income (July 2011),42740,7400,Suriname,Suriname,42740,7400
EFA: upper middle income (July 2011),42740,7640,Thailand,Thailand,42740,7640
EFA: upper middle income (July 2011),42740,7880,Tunisia,Tunisia,42740,7880
EFA: upper middle income (July 2011),42740,7920,Turkey,Turkey,42740,7920
EFA: upper middle income (July 2011),42740,8050,Belarus,Belarus,42740,8050
EFA: upper middle income (July 2011),42740,8580,Uruguay,Uruguay,42740,8580
EFA: upper middle income (July 2011),42740,8620,Venezuela (Bolivarian Republic of),Venezuela,42740,8620
